latitude,longitude,area_code
-43.50961,172.65552,325900
-43.82343,172.94643,333300
-43.61889,172.65314,332200
-43.53955,172.60697,325500
-43.51149,172.6254,322200
-43.56982,172.55229,324300
-43.55813,172.72025,332000
-43.46900177001953,172.66433715820312,321301
-43.51332,172.5784,320600
-43.62728,172.71872,332901
-43.60411,172.69502,332501
-43.47967543598596,172.61712715029716,319600
-43.5554722,172.6283052,329100
-43.60587407545263,172.6942335116394,332501
-43.60364,172.6954,332501
-43.5716,172.63094,331300
-43.59760284423828,172.7147979736328,332501
-43.52992630004883,172.60997009277344,325200
-43.63553,172.7195,332901
-43.48401,172.56094,317000
-43.78759,172.81975,333100
-43.60344,172.6901,332501
-43.47764,172.5668,317000
-43.5664,172.73825,332400
-43.60281,172.68887,332501
-43.784,172.90277,333300
-43.55145,172.60179,326900
-43.607941489520215,172.70360517763766,332501
-43.52105,172.62268,323000
-43.7841,172.97777,333300
-43.52628,172.73449,331700
-43.55625,172.62941,329100
-43.57472,172.63431,331300
-43.56124,172.71569,332000
-43.78376,172.97608,333300
-43.60187,172.71958,332501
-43.82883,172.94328,333400
-43.59799,172.71911,332501
-43.48641586303711,172.58523559570312,317800
-43.47665,172.56715,317000
-43.76285,172.80538,333100
-43.48177,172.58516,317800
-43.53668,172.58282,322700
-43.54546,172.67745,330100
-43.56989,172.75997,332700
-43.50956,172.60341,321400
-43.54077,172.66434,328900
-43.52918,172.73721,331700
-43.57605,172.54686,324501
-43.5309,172.60518,324400
-43.52502,172.64786,327000
